<?xml version="1.0" encoding="UTF-8" standalone="yes"?>
<manifest>
  <control namespace="Dynamicalabs.PicklistWithSearch" constructor="DynamicalabsPicklistWithSearch" version="0.0.1" display-name-key="DynamicalabsPicklistWithSearch" description-key="DynamicalabsPicklistWithSearch description" control-type="standard" api-version="1.3.3">
    <property name="OptionValue" display-name-key="PickListWithSearch_Display_Key" description-key="PickListWithSearch_Display_Key" of-type="OptionSet" usage="bound" required="true"/>
    <external-service-usage enabled="true"/>
    <resources>
      <code path="bundle.js" order="1"/>
      <css path="css/picklistWithSearch.css" order="1"/>
    </resources>
    <feature-usage>
      <uses-feature name="Utility" required="true"/>
      <uses-feature name="WebAPI" required="true"/>
    </feature-usage>
    <built-by name="pac" version="1.9.9"/>
  </control>
</manifest>